,str_sub.addr.3...2..3.
1,MB
2,ON
3,MO
4,CA
5,US
6,Ca
7,Ca
8,Ca
9,TN
10,TX
11,NA
12,TX
13,OH
14,TX
15,NE
16,GA
17,NJ
18,TX
19,CA
20,VA
21,NY
22,MI
23,MA
24,RI
25,44
26,MD
27,FL
28,TX
29,NE
30,CA
31,DC
32,KS
33,KS
34,KS
35,CA
36,US
37,WA
38,CA
39,PA
40,MA
41,NY
42,DC
43,Ir
44,28
45,GA
46,NY
47,Cr
48,CA
49,KS
50,TX
51,KS
52,GA
53,CA
54,TX
55,TX
56,LA
57,CA
58,US
59,Mi
60,TN
61,No
62,TX
63,CO
64,Be
65,NY
66,NY
67,FL
68,FL
69,FL
70,FL
71,FL
72,TN
73,TX
74,Gl
75,US
76,OK
77,PA
78,Cl
79,OK
80,GA
81,ON
82,MA
83,OH
84,Fr
85,CA
86,CA
87,US
88,NJ
89,AB
90,AB
91,US
92,IA
93,TX
94,OH
95,CA
96,GA
97,Ca
98,Ca
99,TX
100,TX
101,TX
102,OR
103,AR
104,AR
105,MN
106,MA
107,SC
108,DC
109,FL
110,VA
111,VA
112,ON
113,PA
114,MN
115,OH
116,TX
117,GA
118,KS
119,MS
120,Ch
121,Ch
122,KS
123,IL
124,CA
125,TX
126,SC
127,CA
128,Ca
129,CA
130,OH
131,GA
132,FL
133,SC
134,IL
135,IL
136,US
137,TN
138,Ca
139,NY
140,TN
141,ON
142,TX
143,VA
144,NJ
145,Sw
146,SC
147,FL
148,OK
149,TX
150,CA
151,KY
152,CA
153,NC
154,MA
155,MA
156,OK
157,Co
158,Co
159,Co
160,IL
161,VA
162,TX
163,OK
164,TX
165,IL
166,CT
167,US
168,PA
169,US
170,IL
171,KS
172,KS
173,KS
174,US
175,TX
176,WA
177,US
178,Ir
179,NY
180,NA
181,CA
182,CA
183,MD
184,Fr
185,CA
186,US
187,Ge
188,LA
189,TX
190,Ri
191,Ri
192,Ri
193,MN
194,KS
195,CA
196,KS
197,NY
198,LA
199,TX
200,OH
201,MO
202,MI
203,MA
204,FL
205,NC
206,CA
207,ON
208,TX
209,US
210,NC
211,PA
212,NJ
213,UT
214,UT
215,KS
216,MI
217,AZ
218,CA
219,ON
220,Na
221,TX
222,CA
223,OK
224,OK
225,TN
226,US
227,Lo
228,CO
229,WA
230,MD
231,MD
232,MO
233,CA
234,GA
235,NY
236,NC
237,WA
238,US
239,KS
240,LA
241,CA
242,TX
243,TX
244,MA
245,GA
246,US
247,NC
248,Ne
249,26
250,FL
251,CA
252,Fr
253,WA
254,TX
255,FL
256,OH
257,MD
258,OH
259,FL
260,NC
261,Po
262,MA
263,St
264,CA
265,NV
266,TX
267,FL
268,MD
269,NC
270,DC
271,NC
272,KS
273,NC
274,AZ
275,US
276,US
277,US
278,US
279,CA
280,DC
281,UK
282,MI
283,US
284,90
285,TX
286,NC
287,TX
288,NV
289,TX
290,KY
291,NM
292,TX
293,MI
294,KS
295,Fa
296,PA
297,PA
298,VA
299,US
300,US
301,KS
302,NY
303,ON
304,MO
305,NY
306,ME
307,SC
308,NY
309,MA
310,OH
311,OH
312,UK
313,NA
314,LA
315,WI
316,KS
317,KS
318,PA
319,KS
320,CA
321,CA
322,US
323,KS
324,NE
325,TX
326,CO
327,MI
328,TX
329,GA
330,FL
331,MA
332,TX
333,TX
334,TX
335,TN
336,30
337,La
338,OH
339,La
340,MS
341,MS
342,MS
343,CA
344,ON
345,MN
346,MN
347,TX
348,TX
349,US
350,Am
351,MD
352,MD
353,FL
354,MS
355,NY
356,NY
357,KS
358,OK
359,IL
360,SC
361,SC
362,NV
363,Ir
364,UK
365,TX
366,TX
367,TX
368,US
369,TX
370,IN
371,TX
372,TX
373,IN
374,TX
375,NA
376,CO
377,CA
378,PA
379,AL
380,KS
381,CA
382,TX
383,CA
384,NE
385,WI
386,CA
387,28
388,OK
389,50
390,US
391,US
392,US
393,IL
394,NY
395,Ca
396,Ca
397,Ca
398,PA
399,UT
400,Ch
401,OR
402,UK
403,CA
404,CA
405,UK
406,KS
407,KS
408,KS
409,Se
410,Ar
411,NY
412,ON
413,Ko
414,NA
415,KS
416,CA
417,NY
418,TN
419,AR
420,TX
421,WA
422,No
423,TX
424,CA
425,Po
426,ON
427,US
428,KS
429,NY
430,Je
431,KS
432,TN
433,MD
434,MA
435,TX
436,TX
437,TX
438,TX
439,RI
440,MS
441,OH
442,TN
443,AZ
444,Sw
445,0
446,TN
447,PA
448,MD
449,Ta
450,FL
451,Co
452,TX
453,Po
454,CA
455,MO
456,CA
457,OH
458,OR
459,1
460,ON
461,TX
462,Mi
463,FL
464,PA
465,PA
466,21
467,CA
468,Mc
469,KY
470,CA
471,FL
472,NV
473,US
474,LA
475,CA
476,TX
477,Mi
478,Op
479,AR
480,FL
481,OK
482,GA
483,GA
484,GA
485,GA
486,Ce
487,GA
488,CA
489,No
490,UK
491,AZ
492,OH
493,NY
494,UK
495,AL
496,MA
497,NA
498,Ar
499,TX
500,CA
501,AL
502,UK
503,US
504,Ca
505,TX
506,UK
507,NA
508,TX
509,Co
510,US
511,OH
512,OH
513,AB
514,DE
515,De
516,TX
517,TX
518,GA
519,Bl
520,TX
521,US
522,TX
523,NV
524,NY
525,CA
526,FL
527,CA
528,CA
529,CA
530,AR
531,OR
532,AZ
533,Mo
534,MD
535,TX
536,TX
537,TX
538,US
539,MN
540,PA
541,VA
542,OR
543,NA
544,Ce
545,GA
546,TX
547,FL
548,US
549,KS
550,KS
551,VA
552,NY
553,CA
554,TX
555,NY
556,OH
557,SC
558,MA
559,GA
560,CA
561,UK
562,WA
563,WA
564,WA
565,WA
566,Kh
567,KS
568,PA
569,NA
570,US
571,Je
572,WA
573,WI
574,UK
575,US
576,TX
577,NC
578,NY
579,FL
580,AR
581,KS
582,NY
583,NC
584,TX
585,TX
586,PA
587,TX
588,OH
589,US
590,US
591,TN
592,TX
593,Ge
594,TX
595,KS
596,Re
597,DC
598,OR
599,OR
600,88
601,LA
602,Wi
603,IN
604,OH
605,NY
606,NY
607,ON
608,US
609,NY
610,TX
611,NC
612,AL
613,NY
614,TX
615,No
616,NY
617,NY
618,UK
619,KS
620,NY
621,CT
622,NJ
623,TX
624,TX
625,TN
626,TX
627,CT
628,NY
629,MI
630,DC
631,DC
632,IL
633,US
634,ID
635,TX
636,CA
637,MN
638,ON
639,Ar
640,IN
641,IA
642,US
643,IN
644,CA
645,CA
646,CO
647,VA
648,KS
649,WV
650,US
651,FL
652,KS
653,TX
654,MD
655,IN
656,20
657,PA
658,SC
659,KY
660,Mc
661,TX
662,FL
663,FL
664,TX
665,NA
666,NA
667,KS
668,CA
669,OK
670,IL
671,CA
672,SC
673,NJ
674,TX
675,CA
676,TN
677,NY
678,KS
679,BC
680,NY
681,UK
682,Ja
683,PA
684,US
685,TX
686,NC
687,KS
688,TX
689,TX
690,TX
691,NY
692,Ni
693,NA
694,US
695,CA
696,NY
697,KS
698,TN
699,NY
700,NY
701,CO
702,OH
703,UK
704,IN
705,MD
706,LA
707,US
708,CA
709,TX
710,TX
711,Ca
712,Fr
713,VA
714,Zo
715,OK
716,NC
717,OR
718,OR
719,OR
720,OR
721,OR
722,OR
723,OR
724,OR
725,IL
726,IL
727,TX
728,NA
729,UK
730,PA
731,MO
732,FL
733,WI
734,CA
735,NC
736,ON
737,CA
738,Bl
739,NE
740,NJ
741,KS
742,TX
743,GA
744,Lo
745,UK
746,PA
747,TN
748,CA
749,KS
750,Me
751,CA
752,IN
753,IL
754,KS
755,KS
756,NA
757,CA
758,Pa
759,Ka
760,CA
761,40
762,TN
763,Co
764,OR
765,OK
766,OK
767,TX
768,MA
769,KS
770,MO
771,US
772,NA
773,CA
774,CA
775,No
776,UK
777,PA
778,Re
779,KS
780,CA
781,LA
782,NC
783,TX
784,NY
785,AL
786,MO
787,OH
788,Ur
789,AZ
790,Co
791,ON
792,Gl
793,US
794,MO
795,WI
796,TX
797,Bl
798,Ki
799,BC
800,OK
801,SC
802,28
803,UK
804,Ge
805,MD
806,Be
807,US
808,Ph
809,VA
810,AL
811,IL
812,NC
813,NC
814,NC
815,AL
816,CA
817,Se
818,NA
819,IL
820,KS
821,TX
822,TX
823,Be
824,WA
825,CA
826,MD
827,CA
828,MA
829,AR
830,NJ
831,TN
832,Ar
833,GA
834,MD
835,NA
836,PA
837,CA
838,MI
839,UT
840,MD
841,KS
842,NV
843,Ka
844,NA
845,NA
846,NY
847,NY
848,MN
849,NY
850,TX
851,US
852,Ca
853,Se
854,CA
855,NC
856,Co
857,TX
858,NY
859,TX
860,PA
861,AL
862,CA
863,TX
864,SC
865,Fr
866,GA
867,FL
868,KS
869,OH
870,Po
871,IN
872,TX
873,TX
874,CA
875,MA
876,CA
877,Se
878,Pa
879,TX
880,GA
881,IL
882,MO
883,KS
884,FL
885,ON
886,TX
887,NC
888,CA
889,GA
890,FL
891,OK
892,US
893,TX
894,TX
895,WI
896,FL
897,AB
898,TX
899,OK
900,OH
901,OH
902,US
903,VA
904,UK
905,FL
906,TX
907,De
908,TX
909,Ca
910,MI
911,CA
912,US
913,KS
914,TX
915,UK
916,US
917,NY
918,CA
919,KS
920,ME
921,IN
922,FL
923,FL
924,FL
925,TX
926,ON
927,PA
928,IN
929,Be
930,KY
931,CA
932,LA
933,US
934,Co
935,NA
936,CA
937,MI
938,NY
939,NY
940,NY
941,NY
942,NY
943,NY
944,NY
945,NY
946,NY
947,NY
948,NY
949,NY
950,UK
951,Je
952,UK
953,GA
954,NV
955,PA
956,OK
957,MI
958,KS
959,AL
960,NY
961,LA
962,UK
963,Ca
964,CT
965,SC
966,PA
967,US
968,IL
969,PA
970,TX
971,VA
972,TX
973,NC
974,IN
975,NY
976,ON
977,LA
978,CA
979,US
980,NV
981,Ca
982,UK
983,Pa
984,ON
985,Co
986,GA
987,PA
988,KS
989,FL
990,Ar
991,TX
992,CA
993,PA
994,37
995,IL
996,IN
997,MA
998,TX
999,Sw
1000,CA
1001,MO
1002,IL
1003,Ri
1004,Ar
1005,KS
1006,US
1007,MD
1008,MO
1009,MO
1010,IL
1011,MA
1012,US
1013,US
1014,CA
1015,Wa
1016,MO
1017,AR
1018,ON
1019,KS
1020,MD
1021,TX
1022,TX
1023,TX
1024,KS
1025,NC
1026,OH
1027,CA
1028,NA
1029,Un
1030,TX
1031,DC
1032,DC
1033,DC
1034,KS
1035,TX
1036,Ma
1037,PA
1038,KS
1039,NY
1040,NY
1041,NY
1042,NV
1043,CA
1044,TX
1045,MA
1046,CA
1047,CA
1048,PA
1049,NJ
1050,Se
1051,UK
1052,UK
1053,De
1054,NC
1055,MA
1056,PA
1057,Se
1058,GA
1059,US
1060,Ge
1061,GA
1062,GA
1063,GA
1064,Ge
1065,NY
1066,Ce
1067,IL
1068,TN
1069,MD
1070,MD
1071,CA
1072,CA
1073,CA
1074,CA
1075,CA
1076,CA
1077,DC
1078,CA
1079,WA
1080,CO
1081,TX
1082,Be
1083,IL
1084,MS
1085,NC
1086,IL
1087,Am
1088,TX
1089,TX
1090,PA
1091,NY
1092,St
1093,St
1094,NY
1095,NY
1096,TN
1097,MA
1098,OH
1099,FL
1100,NY
1101,NA
1102,MO
1103,WI
1104,NY
1105,Ca
1106,TX
1107,OK
1108,KY
1109,AK
1110,CA
1111,CA
1112,NC
1113,Ge
1114,Ge
1115,KS
1116,UK
1117,GA
1118,NC
1119,MA
1120,CA
1121,OR
1122,NY
1123,OK
1124,IL
1125,OH
1126,IL
1127,CA
1128,US
1129,UK
1130,TX
1131,FL
1132,GA
1133,MN
1134,CA
1135,NY
1136,At
1137,At
1138,At
1139,OK
1140,KS
1141,ND
1142,Po
1143,MA
1144,NA
1145,MS
1146,NA
1147,NJ
1148,CO
1149,CO
1150,KY
1151,NY
1152,Ca
1153,La
1154,Po
1155,VA
1156,Bu
1157,NY
1158,TX
1159,NY
1160,NA
1161,Ca
1162,TX
1163,DE
1164,NC
1165,Ri
1166,KS
1167,AL
1168,Mc
1169,CA
1170,Ar
1171,NA
1172,LA
1173,Ca
1174,1
1175,AZ
1176,US
1177,US
1178,UK
1179,UK
1180,KS
1181,Ri
1182,AL
1183,MD
1184,Ka
1185,WY
1186,NY
1187,SC
1188,KY
1189,KY
1190,KS
1191,US
1192,NY
1193,GA
1194,ON
1195,Ec
1196,NC
1197,FL
1198,TX
1199,GA
1200,Ch
1201,78
1202,VA
1203,GA
1204,MO
1205,TN
1206,IL
1207,NA
1208,VA
1209,TX
1210,MI
1211,Ka
1212,US
1213,FL
1214,FL
1215,CA
1216,NA
1217,TX
1218,TX
1219,UK
1220,IN
1221,KS
1222,At
1223,ON
1224,TX
1225,NA
1226,OH
1227,NC
1228,OK
1229,CA
1230,NC
1231,NC
1232,US
1233,US
1234,NY
1235,NY
1236,Ma
1237,Mi
1238,UK
1239,UK
1240,MI
1241,UK
1242,Fr
1243,Bu
1244,TX
1245,MI
1246,NA
1247,SC
1248,TX
1249,VA
1250,Ka
1251,Ca
1252,UK
1253,TX
1254,Ca
1255,NY
1256,62
1257,Ta
1258,MO
1259,GA
1260,Co
1261,US
1262,TX
1263,AZ
1264,AZ
1265,KS
1266,KS
1267,US
1268,Lo
1269,MD
1270,UK
1271,TX
1272,CA
1273,Ka
1274,NY
1275,NA
1276,TN
1277,NJ
1278,Ma
1279,SK
1280,Ka
1281,Ar
1282,70
1283,70
1284,VA
1285,MO
1286,ND
1287,RI
1288,RI
1289,Ke
1290,NY
1291,NJ
1292,Ka
1293,KS
1294,OH
1295,UK
1296,NY
1297,GA
1298,NA
1299,LA
1300,Me
1301,MD
1302,UK
1303,TX
1304,NY
1305,Gl
1306,St
1307,NH
1308,Ne
1309,GA
1310,ON
1311,Ar
1312,US
1313,FL
1314,TX
1315,KS
1316,NY
1317,US
1318,ON
1319,ON
1320,WA
1321,TX
1322,IL
1323,Fr
1324,CA
1325,Ne
1326,KS
1327,MA
1328,FL
1329,Ar
1330,GA
1331,NA
1332,Sw
1333,Ch
1334,ON
1335,Mo
1336,VA
1337,NC
1338,ON
1339,VA
1340,IL
1341,UK
1342,TX
1343,Ta
1344,Ca
1345,DC
1346,NY
1347,NJ
1348,MO
1349,UK
1350,NC
1351,OR
1352,UK
1353,KS
1354,WV
1355,Ja
1356,LA
1357,KS
1358,No
1359,TX
1360,Ge
1361,KS
1362,KS
1363,KS
1364,PA
1365,Po
1366,Ma
1367,28
1368,CO
1369,CO
1370,TX
1371,MI
1372,KS
1373,NY
1374,Fr
1375,Fr
1376,US
1377,US
1378,UK
1379,28
1380,GA
1381,NJ
1382,US
1383,CA
1384,GA
1385,CA
1386,Me
1387,VT
1388,FL
1389,MO
1390,MD
1391,US
1392,28
1393,WI
1394,UK
1395,UK
1396,<U+0421><U+043B>
1397,NA
1398,MA
1399,US
1400,Na
1401,Re
1402,NC
1403,GA
1404,CA
1405,KS
1406,Ma
1407,UK
1408,NY
1409,Il
1410,Kh
1411,UK
1412,Se
1413,MD
1414,KS
1415,MD
1416,Po
1417,AZ
1418,OK
1419,28
1420,No
1421,NY
1422,Ca
1423,KS
1424,CA
1425,US
1426,Ka
1427,US
1428,AL
1429,IL
1430,OR
1431,US
1432,Kh
1433,Ci
1434,TX
1435,Ch
1436,Ba
1437,FL
1438,IN
1439,Se
1440,Po
1441,Te
1442,LA
1443,LA
1444,Sh
1445,Pa
1446,Pa
1447,NA
1448,Ir
1449,Hi
1450,28
1451,Po
1452,Sa
1453,NC
1454,US
1455,UK
1456,AR
1457,MD
1458,WA
1459,WA
1460,OH
1461,Ca
1462,NE
1463,OK
1464,TX
1465,WI
1466,PA
1467,KS
1468,KS
1469,KS
1470,NY
1471,KS
1472,UK
1473,Cz
1474,MO
1475,Fr
1476,WA
1477,MD
1478,CT
1479,No
1480,WA
1481,UK
1482,Po
1483,Ma
1484,OK
1485,KY
1486,UK
1487,NC
1488,NY
1489,NY
1490,Sh
1491,FL
1492,UK
1493,Ri
1494,CA
1495,Po
1496,28
1497,MD
1498,MN
1499,IL
1500,32
1501,FL
1502,GA
1503,US
1504,Ma
1505,NY
1506,NA
1507,AR
1508,Ar
1509,Ka
1510,Po
1511,Po
1512,28
1513,OK
1514,MD
1515,UK
1516,UK
1517,37
1518,Br
1519,MD
1520,37
1521,Ar
1522,OK
1523,US
1524,Có
1525,No
1526,UK
1527,UT
1528,PA
1529,No
1530,CA
1531,No
1532,Ar
1533,41
1534,Ch
1535,Po
1536,No
1537,Au
1538,TX
1539,Ne
1540,GA
1541,FL
1542,Po
1543,Ke
1544,Fr
1545,OH
1546,NY
1547,UK
1548,Au
1549,Ge
1550,CA
1551,US
1552,Pa
1553,MO
1554,KS
1555,Ar
1556,KY
1557,KS
1558,Fr
1559,Tu
1560,Au
1561,Ar
1562,CA
1563,UK
1564,Au
1565,AL
1566,18
1567,UK
1568,Ge
1569,Ha
1570,Ma
1571,It
1572,UK
1573,Fr
1574,NY
1575,Ma
1576,ON
1577,UK
1578,Ak
1579,Ta
1580,UK
1581,US
1582,Ir
1583,Ge
1584,UK
1585,FL
1586,UK
1587,UK
1588,OK
1589,NY
1590,IL
1591,UK
1592,Ge
1593,IL
1594,Me
1595,OH
1596,CA
1597,VA
1598,Ex
1599,Ma
1600,KS
1601,UK
1602,Po
1603,No
1604,Sw
1605,Ma
1606,AL
1607,Sh
1608,0
1609,Te
1610,IN
1611,Ar
1612,No
1613,OK
1614,UK
1615,US
1616,NA
1617,GA
1618,OR
1619,NY
1620,UK
1621,Sw
1622,NY
1623,No
1624,IL
1625,1
1626,UK
1627,No
1628,OK
1629,UK
1630,MT
1631,UK
1632,UK
1633,UK
1634,Au
1635,UK
1636,UK
1637,MN
1638,UK
1639,UK
1640,Fr
1641,OK
1642,UK
1643,Ma
1644,Au
1645,UK
1646,Ar
1647,NA
1648,41
1649,De
1650,Am
1651,TN
1652,Po
1653,Au
1654,UK
1655,UK
1656,UK
1657,No
1658,UK
1659,Sh
1660,KS
1661,Ar
1662,NY
1663,UK
1664,NY
1665,UK
1666,CA
1667,NA
1668,Ar
1669,AL
1670,Na
1671,NY
1672,ON
1673,AZ
1674,VA
1675,NC
1676,GA
1677,MN
1678,TX
1679,KS
1680,FL
1681,FL
1682,SC
1683,CA
1684,GA
1685,GA
1686,US
1687,NY
1688,MA
1689,MA
1690,PA
1691,MD
1692,QC
1693,MO
1694,Ca
1695,US
1696,CA
1697,NC
1698,OH
1699,OK
1700,NY
1701,NC
1702,FL
1703,NA
1704,TX
1705,WV
1706,US
1707,TX
1708,MD
1709,TX
1710,MD
1711,FL
1712,MN
1713,TX
1714,OK
1715,GA
1716,VA
1717,NY
1718,KS
1719,KS
1720,KS
1721,WV
1722,VA
1723,KS
1724,CA
1725,NJ
1726,TX
1727,CA
1728,MN
1729,FL
1730,CA
1731,Ca
1732,MS
1733,Mu
1734,Sw
1735,GA
1736,KS
1737,Fi
1738,US
1739,Se
1740,UK
1741,US
1742,PA
1743,TX
1744,KS
1745,US
1746,IL
1747,KS
1748,Ge
1749,NC
1750,QC
1751,KY
1752,MD
1753,KS
1754,OH
1755,Fi
1756,US
1757,NY
1758,KS
1759,ON
1760,NY
1761,NY
1762,St
1763,OH
1764,SC
1765,TN
1766,20
1767,DE
1768,VA
1769,VA
1770,VA
1771,TX
1772,TX
1773,Mi
1774,FL
1775,FL
1776,FL
1777,Ir
1778,CA
1779,CA
1780,CA
1781,TX
1782,DE
1783,WY
1784,OK
1785,MD
1786,CA
1787,CA
1788,PA
1789,UK
1790,NC
1791,MO
1792,OH
1793,US
1794,TN
1795,MA
1796,DE
1797,KS
1798,AL
1799,TX
1800,GA
1801,US
1802,Au
1803,OH
1804,CA
1805,CA
1806,NC
1807,GA
1808,VA
1809,VA
1810,IN
1811,CA
1812,TX
1813,NY
1814,TX
1815,ON
1816,UK
1817,MD
1818,KS
1819,CA
1820,FL
1821,MO
1822,MI
1823,OH
1824,CA
1825,MD
1826,OH
1827,To
1828,TX
1829,NY
1830,GA
1831,UK
1832,DC
1833,DC
1834,35
1835,PA
1836,TX
1837,Co
1838,NY
1839,OK
1840,TX
1841,TX
1842,FL
1843,IL
1844,NY
1845,US
1846,US
1847,KS
1848,Ir
1849,CA
1850,CA
1851,CA
1852,CA
1853,CA
1854,TX
1855,NA
1856,NC
1857,NC
1858,CA
1859,FL
1860,NA
1861,ON
1862,TX
1863,Ir
1864,NY
1865,FL
1866,CA
1867,Ri
1868,TX
1869,NA
1870,UK
1871,US
1872,TN
1873,No
1874,GA
1875,No
1876,KS
1877,NY
1878,Se
1879,US
1880,IL
1881,LA
1882,WV
1883,CA
1884,SC
1885,MI
1886,LA
1887,TX
1888,NY
1889,TX
1890,CO
1891,AL
1892,CO
1893,CA
1894,IL
1895,OR
1896,TN
1897,VA
1898,MI
1899,NY
1900,IL
1901,MI
1902,NY
1903,CA
1904,IN
1905,NA
1906,Be
1907,KS
1908,TX
1909,Se
1910,OR
1911,PA
1912,NA
1913,AL
1914,US
1915,AL
1916,OH
1917,Au
1918,Au
1919,TX
1920,NA
1921,CA
1922,Au
1923,MI
1924,US
1925,IL
1926,AL
1927,KS
1928,MD
1929,TX
1930,TX
1931,NC
1932,AZ
1933,AZ
1934,MI
1935,TX
1936,CA
1937,TX
1938,MI
1939,WA
1940,IA
1941,CA
1942,TN
1943,PA
1944,US
1945,TX
1946,CA
1947,CA
1948,CA
1949,GA
1950,GA
1951,CA
1952,CO
1953,ON
1954,CA
1955,Ch
1956,CA
1957,CA
1958,TX
1959,No
1960,CA
1961,MN
1962,GA
1963,CA
1964,UK
1965,TX
1966,KS
1967,IL
1968,GA
1969,US
1970,TX
1971,IL
1972,Sa
1973,NY
1974,CA
1975,GA
1976,NY
1977,TX
1978,CA
1979,NC
1980,IL
1981,TX
1982,CA
1983,KS
1984,CA
1985,OK
1986,Ni
1987,KS
1988,DC
1989,CA
1990,TX
1991,CA
1992,LA
1993,OK
1994,MN
1995,CA
1996,VA
1997,MO
1998,TN
1999,Fr
2000,US
2001,PA
2002,US
2003,LA
2004,CA
2005,FL
2006,LA
2007,KS
2008,CA
2009,ON
2010,TX
2011,GA
2012,Ca
2013,CA
2014,KY
2015,CA
2016,US
2017,KS
2018,CA
2019,MI
2020,IL
2021,TX
2022,KS
2023,TX
2024,KS
2025,ON
2026,FL
2027,Se
2028,CA
2029,CA
2030,MI
2031,CA
2032,CA
2033,NY
2034,FL
2035,TX
2036,CA
2037,FL
2038,OR
2039,GA
2040,NJ
2041,No
2042,NV
2043,WA
2044,CA
2045,NV
2046,CA
2047,CA
2048,TX
2049,Au
2050,Ta
2051,Mi
2052,NC
2053,LA
2054,CA
2055,TX
2056,GA
2057,US
2058,US
2059,US
2060,TX
2061,TX
2062,ID
2063,TX
2064,GA
2065,GA
2066,AL
2067,CA
2068,Sh
2069,Sh
2070,Sh
2071,Sh
2072,Sh
2073,UK
2074,Se
2075,NC
2076,Po
2077,Po
2078,Po
2079,US
2080,CA
2081,CA
2082,TX
2083,TX
2084,CA
2085,FL
2086,MI
2087,Be
2088,TX
2089,TX
2090,MI
2091,GA
2092,FL
2093,CA
2094,TX
2095,LA
2096,Se
2097,CA
2098,KS
2099,Ge
2100,NY
2101,LA
2102,MI
2103,OH
2104,ON
2105,Xi
2106,TX
2107,AL
2108,CA
2109,TX
2110,MI
2111,MA
2112,MD
2113,MI
2114,NC
2115,Se
2116,CA
2117,GA
2118,TX
2119,TX
2120,72
2121,FL
2122,FL
2123,CA
2124,OK
2125,KS
2126,NY
2127,CA
2128,TX
2129,Ir
2130,TX
2131,CA
2132,TX
2133,NY
2134,TX
2135,TX
2136,NJ
2137,VA
2138,TX
2139,NJ
2140,TN
2141,TX
2142,TX
2143,FL
2144,NY
2145,CA
2146,AB
2147,AZ
2148,TX
2149,TX
2150,FL
2151,PA
2152,Au
2153,OH
2154,NY
2155,7
2156,Ca
2157,TX
2158,AR
2159,DC
2160,IA
2161,VA
2162,US
2163,US
2164,TX
2165,CA
2166,TX
2167,NA
2168,TX
2169,AL
2170,To
2171,To
2172,CA
2173,MS
2174,LA
2175,AL
2176,LA
2177,UK
2178,SC
2179,WA
2180,NY
2181,FL
2182,NY
2183,VA
2184,CT
2185,OH
2186,Ki
2187,GA
2188,GA
2189,TX
2190,GA
2191,NA
2192,AL
2193,TX
2194,NY
2195,WA
2196,US
2197,CA
2198,OH
2199,CA
2200,TX
2201,US
2202,OK
2203,TX
2204,CA
2205,TX
2206,TX
2207,CO
2208,NY
2209,CO
2210,CO
2211,CO
2212,FL
2213,KS
2214,NV
2215,TX
2216,AB
2217,MO
2218,GA
2219,CO
2220,ME
2221,TX
2222,TX
2223,TX
2224,PA
2225,NC
2226,PA
2227,LA
2228,TX
2229,MA
2230,TX
2231,CO
2232,TX
2233,TX
2234,LA
2235,CT
2236,TX
2237,CA
2238,TX
2239,TX
2240,No
2241,OK
2242,OK
2243,OR
2244,CT
2245,TX
2246,MS
2247,OH
2248,VA
2249,SC
2250,TX
2251,US
2252,CA
2253,CA
2254,SC
2255,La
2256,US
2257,NA
2258,TX
2259,OK
2260,TX
2261,TX
2262,KS
2263,US
2264,TN
2265,KY
2266,NY
2267,OK
2268,TX
2269,AB
2270,WY
2271,NY
2272,MO
2273,IL
2274,US
2275,IL
2276,MS
2277,Au
2278,TX
2279,Ca
2280,IL
2281,KS
2282,NV
2283,AB
2284,NA
2285,OH
2286,TX
2287,VA
2288,NV
2289,MS
2290,CA
2291,KS
2292,NA
2293,GA
2294,IL
2295,IL
2296,US
2297,TX
2298,NY
2299,TX
2300,NY
2301,CA
2302,MI
2303,TX
2304,CA
2305,CA
2306,CA
2307,CA
2308,CA
2309,CA
2310,CA
2311,CA
2312,IL
2313,Me
2314,Me
2315,Me
2316,Me
2317,CA
2318,US
2319,ON
2320,TX
2321,Ne
2322,IL
2323,IL
2324,NY
2325,TX
2326,KS
2327,KS
2328,PA
2329,AR
2330,MO
2331,CA
2332,GA
2333,PA
2334,TX
2335,OH
2336,Co
2337,MS
2338,CA
2339,GA
2340,CA
2341,NY
2342,SC
2343,CA
2344,NY
2345,CA
2346,AL
2347,CA
2348,OK
2349,TX
2350,TX
2351,OR
2352,GA
2353,NY
2354,CA
2355,VA
2356,IL
2357,US
2358,NY
2359,NY
2360,NY
2361,TX
2362,TX
2363,TN
2364,Zo
2365,WA
2366,GA
2367,DE
2368,KS
2369,TX
2370,TX
2371,KS
2372,NY
2373,DE
2374,TX
2375,TX
2376,MI
2377,TX
2378,Po
2379,GA
2380,CA
2381,Au
2382,NC
2383,Wi
2384,GA
2385,VA
2386,KS
2387,OR
2388,OH
2389,LA
2390,TX
2391,CA
2392,He
2393,CA
2394,CA
2395,TX
2396,TX
2397,WY
2398,Ho
2399,NJ
2400,KS
2401,NC
2402,US
2403,VA
2404,AB
2405,IL
2406,ID
2407,VA
2408,70
2409,AL
2410,NY
2411,NJ
2412,NC
2413,OK
2414,MO
2415,St
2416,TX
2417,AZ
2418,US
2419,US
2420,NY
2421,GA
2422,TX
2423,CA
2424,NY
2425,CA
2426,CA
2427,MI
2428,KS
2429,KS
2430,KS
2431,TX
2432,NC
2433,TX
2434,Kh
2435,SC
2436,TX
2437,TX
2438,CO
2439,US
2440,IN
2441,LA
2442,LA
2443,FL
2444,CA
2445,IL
2446,BC
2447,NY
2448,KY
2449,VA
2450,CA
2451,WA
2452,GA
2453,IL
2454,GA
2455,CA
2456,GA
2457,GA
2458,Ch
2459,ON
2460,CA
2461,AR
2462,NA
2463,FL
2464,AL
2465,CO
2466,MS
2467,TX
2468,FL
2469,US
2470,Ca
2471,NV
2472,TN
2473,1
2474,NC
2475,Tu
2476,OK
2477,Mi
2478,US
2479,US
2480,MD
2481,MS
2482,CA
2483,TX
2484,LA
2485,CA
2486,LA
2487,TX
2488,TX
2489,Na
2490,CA
2491,NY
2492,AL
2493,TX
2494,NY
2495,OH
2496,TX
2497,ON
2498,SC
2499,MS
2500,AK
2501,MD
2502,US
2503,Au
2504,SC
2505,TX
2506,Au
2507,OH
2508,CO
2509,BC
2510,Ca
2511,Se
2512,Ca
2513,TX
2514,OR
2515,SC
2516,IL
2517,US
2518,IL
2519,CO
2520,TX
2521,US
2522,MS
2523,GA
2524,MA
2525,GA
2526,US
2527,PA
2528,NV
2529,FL
2530,Bo
2531,OK
2532,VA
2533,CA
2534,NA
2535,IA
2536,LA
2537,KS
2538,IL
2539,SC
2540,TX
2541,TN
2542,OH
2543,NA
2544,NV
2545,US
2546,CA
2547,CA
2548,MA
2549,MA
2550,MA
2551,MA
2552,TN
2553,TX
2554,Sh
2555,MN
2556,OH
2557,UT
2558,TX
2559,Au
2560,NH
2561,MI
2562,Co
2563,Ca
2564,KS
2565,IL
2566,VA
2567,WA
2568,CT
2569,No
2570,KS
2571,LA
2572,LA
2573,MN
2574,MI
2575,NA
2576,KY
2577,US
2578,GA
2579,CA
2580,TX
2581,CA
2582,NA
2583,CO
2584,CA
2585,CT
2586,CA
2587,CA
2588,KS
2589,OK
2590,TX
2591,US
2592,US
2593,US
2594,US
2595,US
2596,TX
2597,WA
2598,PA
2599,LA
2600,NA
2601,TX
2602,TX
2603,KS
2604,US
2605,NA
2606,LA
2607,MA
2608,CA
2609,CA
2610,KS
2611,FL
2612,KS
2613,KS
2614,IL
2615,NC
2616,TX
2617,OK
2618,GA
2619,OK
2620,SC
2621,TN
2622,AR
2623,IL
2624,TX
2625,NA
2626,AL
2627,Ch
2628,KS
2629,GA
2630,LA
2631,NY
2632,KY
2633,TX
2634,CA
2635,CO
2636,WA
2637,IN
2638,MO
2639,US
2640,MA
2641,AR
2642,GA
2643,OK
2644,Bl
2645,NY
2646,TX
2647,MD
2648,MS
2649,AL
2650,NM
2651,UK
2652,SC
2653,FL
2654,TX
2655,KS
2656,TX
2657,NY
2658,NJ
2659,US
2660,SC
2661,IL
2662,IL
2663,PA
2664,WA
2665,QC
2666,IL
2667,IN
2668,FL
2669,LA
2670,To
2671,MD
2672,TX
2673,NC
2674,KS
2675,GA
2676,MA
2677,AL
2678,NC
2679,St
2680,NY
2681,VA
2682,Fi
2683,GA
2684,MD
2685,CA
2686,NC
2687,SD
2688,IL
2689,MS
2690,WA
2691,TN
2692,OH
2693,TX
2694,GA
2695,PA
2696,WI
2697,MI
2698,TX
2699,FL
2700,MI
2701,US
2702,NY
2703,LA
2704,MO
2705,St
2706,Mc
2707,NY
2708,OH
2709,IL
2710,Au
2711,NV
2712,TX
2713,AL
2714,FL
2715,TX
2716,CT
2717,ON
2718,ID
2719,NH
2720,Pa
2721,OH
2722,NY
2723,OH
2724,OH
2725,LA
2726,LA
2727,MN
2728,CT
2729,KS
2730,OK
2731,MS
2732,TX
2733,Le
2734,NY
2735,OH
2736,NL
2737,FL
2738,IL
2739,VA
2740,CA
2741,RI
2742,LA
2743,St
2744,MO
2745,CA
2746,TX
2747,US
2748,US
2749,FL
2750,IL
2751,IN
2752,GA
2753,CA
2754,TX
2755,PA
2756,GA
2757,US
2758,NY
2759,OK
2760,WV
2761,BC
2762,US
2763,US
2764,US
2765,MA
2766,MA
2767,GA
2768,US
2769,OK
2770,TX
2771,TX
2772,MS
2773,AK
2774,ON
2775,CO
2776,CA
2777,CO
2778,CO
2779,IN
2780,IL
2781,0
2782,PA
2783,MA
2784,KS
2785,US
2786,KS
2787,CA
2788,FL
2789,GA
2790,GA
2791,Ca
2792,KS
2793,US
2794,St
2795,ME
2796,CA
2797,KS
2798,CA
2799,MA
2800,NC
2801,NC
2802,TX
2803,NY
2804,CA
2805,KS
2806,MB
2807,LA
2808,WA
2809,US
2810,TN
2811,CA
2812,SC
2813,TX
2814,CA
2815,AL
2816,NC
2817,DE
2818,LA
2819,Ne
2820,TX
2821,PA
2822,OH
2823,CA
2824,NA
2825,TX
2826,CA
2827,MD
2828,MA
2829,KY
2830,CA
2831,US
2832,US
2833,US
2834,UK
2835,GA
2836,TX
2837,TX
2838,LA
2839,OK
2840,IL
2841,TX
2842,PA
2843,TX
2844,NY
2845,OR
2846,OR
2847,MD
2848,KS
2849,KS
2850,KS
2851,FL
2852,WA
2853,CA
2854,PA
2855,US
2856,La
2857,OH
2858,US
2859,IN
2860,UK
2861,UT
2862,WV
2863,FL
2864,KS
2865,OH
2866,MN
2867,US
2868,AL
2869,VA
2870,SD
2871,AL
2872,TX
2873,Se
2874,WI
2875,Co
2876,US
2877,OR
2878,OH
2879,FL
2880,NY
2881,CA
2882,TX
2883,MI
2884,TX
2885,IL
2886,LA
2887,TX
2888,TX
2889,KS
2890,KS
2891,KS
2892,OR
2893,GA
2894,AZ
2895,Gr
2896,TX
2897,TX
2898,NY
2899,MB
2900,30
2901,KS
2902,OK
2903,Ca
2904,NA
2905,Be
2906,TX
2907,KS
2908,NC
2909,SC
2910,CA
2911,TX
2912,CA
2913,US
2914,KS
2915,MO
2916,QC
2917,TX
2918,OH
2919,CA
2920,IL
2921,KY
2922,OR
2923,KS
2924,CA
2925,MI
2926,Au
2927,CA
2928,MD
2929,PA
2930,CA
2931,ON
2932,CO
2933,Se
2934,UT
2935,MA
2936,CA
2937,US
2938,GA
2939,MS
2940,MS
2941,MS
2942,MA
2943,WA
2944,DC
2945,SC
2946,TX
2947,AL
2948,AL
2949,MO
2950,IL
2951,US
2952,KS
2953,CA
2954,CA
2955,CO
2956,NC
2957,NC
2958,MB
2959,PA
2960,KS
2961,ME
2962,AL
2963,IN
2964,CA
2965,WI
2966,AZ
2967,TX
2968,AB
2969,MD
2970,MI
2971,NY
2972,KS
2973,DC
2974,LA
2975,CO
2976,OR
2977,CA
2978,FL
2979,NY
2980,TX
2981,US
2982,PA
2983,US
2984,NJ
2985,NY
2986,FL
2987,NA
2988,IN
2989,FL
2990,TX
2991,NY
2992,AL
2993,IN
2994,NY
2995,MD
2996,PA
2997,KS
2998,Mc
2999,TX
3000,NY
3001,TN
3002,KS
3003,NA
3004,Ri
3005,FL
3006,KS
3007,NY
3008,KS
3009,TX
3010,VA
3011,TX
3012,TX
3013,VA
3014,MS
3015,MD
3016,MN
3017,Co
3018,45
3019,Co
3020,US
3021,GA
3022,IN
3023,KY
3024,IL
3025,NY
3026,FL
3027,KS
3028,MO
3029,US
3030,SC
3031,TN
3032,GA
3033,NY
3034,ON
3035,CA
3036,TX
3037,ON
3038,TX
3039,NY
3040,SD
3041,TX
3042,OH
3043,NA
3044,WV
3045,MD
3046,US
3047,AL
3048,OR
3049,MD
3050,KS
3051,TX
3052,FL
3053,KS
3054,KS
3055,Cl
3056,TX
3057,TX
3058,US
3059,NY
3060,FL
3061,CA
3062,CA
3063,WA
3064,TN
3065,CA
3066,PA
3067,US
3068,CA
3069,Gr
3070,CA
3071,IN
3072,IL
3073,IL
3074,MD
3075,CA
3076,PA
3077,US
3078,CA
3079,Mc
3080,AL
3081,Mc
3082,VA
3083,TX
3084,CA
3085,CA
3086,ME
3087,KS
3088,VT
3089,OK
3090,KS
3091,AZ
3092,OK
3093,NJ
3094,TN
3095,TX
3096,TX
3097,WA
3098,OK
3099,WV
3100,ON
3101,US
3102,NA
3103,GA
3104,Au
3105,NC
3106,NM
3107,MT
3108,US
3109,CA
3110,KS
3111,PA
3112,US
3113,28
3114,OR
3115,FL
3116,KS
3117,ID
3118,NY
3119,NA
3120,NY
3121,Ta
3122,CA
3123,KS
3124,WI
3125,PA
3126,LA
3127,NY
3128,PA
3129,WA
3130,NY
3131,AL
3132,TX
3133,IL
3134,WV
3135,MD
3136,AZ
3137,TX
3138,UT
3139,Gi
3140,PA
3141,HI
3142,BC
3143,Ne
3144,KS
3145,LA
3146,OH
3147,KS
3148,MD
3149,NA
3150,OK
3151,PA
3152,AZ
3153,28
3154,DC
3155,AZ
3156,SC
3157,TX
3158,KS
3159,NY
3160,TN
3161,IA
3162,NY
3163,CA
3164,OR
3165,KS
3166,TX
3167,SD
3168,TX
3169,KS
3170,AR
3171,NC
3172,CA
3173,CA
3174,US
3175,At
3176,CA
3177,VA
3178,NH
3179,CA
3180,TX
3181,NY
3182,OR
3183,ON
3184,CA
3185,AR
3186,NY
3187,IL
3188,WA
3189,VA
3190,GA
3191,MO
3192,Au
3193,KS
3194,MO
3195,TX
3196,Se
3197,Se
3198,OK
3199,UT
3200,NY
3201,NJ
3202,CO
3203,Ca
3204,PA
3205,NJ
3206,TN
3207,KS
3208,KS
3209,GA
3210,KY
3211,TX
3212,CA
3213,US
3214,WA
3215,TN
3216,TN
3217,MI
3218,NJ
3219,KS
3220,MS
3221,Je
3222,KS
3223,NV
3224,NV
3225,NC
3226,PA
3227,SC
3228,NY
3229,OK
3230,FL
3231,KY
3232,OR
3233,UK
3234,UK
3235,US
3236,LA
3237,GA
3238,OH
3239,LA
3240,MD
3241,IN
3242,KS
3243,PA
3244,CA
3245,LA
3246,PA
3247,Ka
3248,Fr
3249,OH
3250,MN
3251,TN
3252,CA
3253,CA
3254,IL
3255,KS
3256,NY
3257,TX
3258,TX
3259,DC
3260,UK
3261,NC
3262,KY
3263,OR
3264,NY
3265,NA
3266,SC
3267,WA
3268,NY
3269,CA
3270,AB
3271,MO
3272,OH
3273,CA
3274,KS
3275,TX
3276,TX
3277,MD
3278,TX
3279,TX
3280,PA
3281,KS
3282,TX
3283,CA
3284,NY
3285,CA
3286,AL
3287,US
3288,TX
3289,TX
3290,NA
3291,GA
3292,KY
3293,US
3294,GA
3295,NY
3296,NY
3297,Se
3298,CO
3299,QC
3300,CA
3301,CA
3302,TX
3303,NY
3304,DC
3305,FL
3306,Co
3307,TX
3308,TX
3309,WA
3310,MA
3311,DC
3312,MD
3313,KS
3314,ON
3315,SD
3316,DC
3317,Ca
3318,Au
3319,Ch
3320,AB
3321,Me
3322,US
3323,Co
3324,NA
3325,ND
3326,CA
3327,CA
3328,CA
3329,NA
3330,NA
3331,NA
3332,NA
3333,Mi
3334,34
3335,Ir
3336,Ir
3337,DE
3338,22
3339,22
3340,US
3341,US
3342,KS
3343,CT
3344,CA
3345,US
3346,MD
3347,NE
3348,OR
3349,OR
3350,OR
3351,OR
3352,OR
3353,OR
3354,OR
3355,CA
3356,NC
3357,NC
3358,NC
3359,NC
3360,NC
3361,NC
3362,NC
3363,NC
3364,NC
3365,MD
3366,CA
3367,CA
3368,DC
3369,NY
3370,KS
3371,45
3372,45
3373,45
3374,45
3375,45
3376,45
3377,45
3378,NA
3379,NA
3380,NA
3381,NA
3382,NA
3383,NA
3384,NA
3385,FL
3386,OH
3387,OH
3388,OH
3389,OH
3390,22
3391,LA
3392,72
3393,72
3394,Sa
3395,DC
3396,Me
3397,Me
3398,Me
3399,Me
3400,Me
3401,Oa
3402,Ge
3403,AR
3404,NA
3405,WV
3406,WV
3407,WV
3408,WV
3409,WV
3410,WV
3411,WV
3412,WV
3413,WV
3414,WV
3415,WV
3416,WV
3417,WV
3418,WV
3419,WV
3420,WV
3421,WV
3422,WV
3423,WV
3424,WV
3425,WV
3426,WV
3427,WV
3428,WV
3429,WV
3430,WV
3431,WV
3432,WV
3433,WV
3434,WV
3435,WV
3436,WV
3437,WV
3438,WV
3439,WV
3440,WV
3441,WV
3442,WV
3443,WV
3444,WV
3445,WV
3446,WV
3447,KS
3448,WI
3449,WI
3450,WI
3451,IL
3452,38
3453,TX
3454,NY
3455,Ne
3456,CT
3457,CT
3458,CT
3459,NA
3460,Ca
3461,NY
3462,No
3463,No
3464,No
3465,No
3466,WI
3467,MA
3468,Oa
3469,IL
3470,MI
3471,MI
3472,ON
3473,QC
3474,er
3475,MS
3476,NA
3477,Co
3478,DC
3479,DC
3480,MA
3481,PA
3482,VA
3483,Lo
3484,Lo
3485,Lo
3486,FL
3487,Ta
3488,CA
3489,No
3490,VA
3491,MA
3492,VA
3493,VA
3494,DC
3495,er
3496,er
3497,NA
3498,NA
3499,MI
3500,Sw
3501,UK
3502,UK
3503,UK
3504,DC
3505,DC
3506,MA
3507,MA
3508,NA
3509,NY
3510,TX
3511,MA
3512,22
3513,UT
3514,UT
3515,FL
3516,Me
3517,Me
3518,Me
3519,Me
3520,NY
3521,KS
3522,22
3523,22
3524,SC
3525,WA
3526,AB
3527,Ré
3528,1
3529,NY
3530,NA
3531,Me
3532,Me
3533,KS
3534,er
3535,OR
3536,OR
3537,OR
3538,OR
3539,OR
3540,OR
3541,OR
3542,US
3543,Th
3544,Ch
3545,US
3546,NV
3547,St
3548,Sa
3549,Sa
3550,Sa
3551,Sa
3552,Sa
3553,Sa
3554,Sa
3555,Sa
3556,Sa
3557,Sa
3558,VA
3559,NY
3560,42
3561,42
3562,MA
3563,KS
3564,MD
3565,0
3566,Me
3567,CT
3568,AB
3569,Mi
3570,TX
3571,AB
3572,AB
3573,63
3574,CA
3575,CA
3576,US
3577,NA
3578,MN
3579,GA
3580,FL
3581,NA
3582,NA
3583,NA
3584,IL
3585,TX
3586,TX
3587,MA
3588,NY
3589,KS
3590,Me
3591,Me
3592,Me
3593,IN
3594,KS
3595,63
3596,PA
3597,KS
3598,KS
3599,KS
3600,KS
3601,KS
3602,KS
3603,NY
3604,CO
3605,MA
3606,MA
3607,NA
3608,KS
3609,CA
3610,NA
3611,Co
3612,NA
3613,NA
3614,IA
3615,NA
3616,ON
3617,IL
3618,TX
3619,NC
3620,NC
3621,NC
3622,NC
3623,NC
3624,NC
3625,NC
3626,NC
3627,NC
3628,NC
3629,NC
3630,NC
3631,NC
3632,NC
3633,KS
3634,KS
3635,DF
3636,GA
3637,GA
3638,GA
3639,GA
3640,GA
3641,GA
3642,GA
3643,ND
3644,TX
3645,TX
3646,TX
3647,NY
3648,Au
3649,CA
3650,CA
3651,CA
3652,CA
3653,CA
3654,CA
3655,CA
3656,US
3657,LA
3658,OR
3659,78
3660,IN
3661,MA
3662,CA
3663,Co
3664,MA
3665,NA
3666,TX
3667,CA
3668,CA
3669,NY
3670,AZ
3671,Sa
3672,38
3673,8
3674,NJ
3675,NC
3676,AK
3677,Wo
3678,Mi
3679,42
3680,IA
3681,ON
3682,WA
3683,RI
3684,Kh
3685,KS
3686,KS
3687,ND
3688,KS
3689,CA
3690,MA
3691,MN
3692,Mi
3693,Mi
3694,Mi
3695,Mi
3696,UK
3697,SD
3698,SD
3699,SD
3700,NY
3701,NY
3702,MO
3703,KS
3704,KS
3705,UK
3706,MA
3707,MA
3708,MA
3709,MA
3710,MA
3711,MA
3712,MA
3713,MA
3714,MA
3715,US
3716,KY
3717,KY
3718,KY
3719,KY
3720,KY
3721,KY
3722,KY
3723,MA
3724,MA
3725,OH
3726,GA
3727,IA
3728,KS
3729,PA
3730,KS
3731,KS
3732,KS
3733,KS
3734,KS
3735,Ca
3736,Ca
3737,Ca
3738,Ca
3739,Ca
3740,Ca
3741,NY
3742,NA
3743,FL
3744,ON
3745,ON
3746,MA
3747,MA
3748,MO
3749,Ne
3750,Ne
3751,Ne
3752,Ne
3753,69
3754,IA
3755,ON
3756,MA
3757,IL
3758,IL
3759,IL
3760,IL
3761,OK
3762,TX
3763,TX
3764,St
3765,OR
3766,OR
3767,OR
3768,OR
3769,OR
3770,OR
3771,NJ
3772,Se
3773,NA
3774,NY
3775,NA
3776,50
3777,50
3778,WV
3779,WV
3780,VA
3781,TX
3782,TX
3783,ON
3784,ON
3785,MD
3786,MD
3787,NJ
3788,MD
3789,NY
3790,er
3791,78
3792,78
3793,MA
3794,NA
3795,NA
3796,IL
3797,Ja
3798,Ja
3799,Ne
3800,Ne
3801,Ka
3802,98
3803,AZ
3804,PA
3805,KS
3806,KS
3807,KS
3808,DE
3809,OK
3810,He
3811,CA
3812,IL
3813,IL
3814,IL
3815,IL
3816,IL
3817,OK
3818,KS
3819,KS
3820,CA
3821,FL
3822,KS
3823,MA
3824,28
3825,TX
3826,TX
3827,TX
3828,NY
3829,WI
3830,KS
3831,NA
3832,NA
3833,NA
3834,NA
3835,NA
3836,NA
3837,ND
3838,NE
3839,34
3840,CA
3841,NC
3842,CA
3843,ON
3844,ON
3845,Se
3846,OH
3847,Oa
3848,Ho
3849,Ho
3850,NY
3851,AB
3852,US
3853,OH
3854,OH
3855,OH
3856,OH
3857,OH
3858,CA
3859,CA
3860,CA
3861,CA
3862,St
3863,NC
3864,NA
3865,CT
3866,CT
3867,CT
3868,CA
3869,SD
3870,72
3871,Me
3872,VA
3873,US
3874,DE
3875,DE
3876,DE
3877,ON
3878,US
3879,87
3880,IL
3881,Sa
3882,Be
3883,OH
3884,Me
3885,59
3886,OR
3887,OR
3888,US
3889,Co
3890,Co
3891,NA
3892,Se
3893,Se
3894,Ca
3895,Ca
3896,DE
3897,He
3898,He
3899,He
3900,TX
3901,KS
3902,Se
3903,CA
3904,GA
3905,MI
3906,56
3907,KY
3908,KY
3909,KY
3910,KY
3911,KY
3912,KS
3913,He
3914,FL
3915,14
3916,14
3917,MA
3918,DC
3919,DC
3920,DC
3921,DC
3922,Ir
3923,Ir
3924,MA
3925,Ca
3926,ON
3927,CA
3928,Sa
3929,NY
3930,NA
3931,NA
3932,NY
3933,MA
3934,GA
3935,KY
3936,DC
3937,DC
3938,83
3939,83
3940,FL
3941,34
3942,MA
3943,Co
3944,NY
3945,ON
3946,NY
3947,70
3948,70
3949,WA
3950,Di
3951,CA
3952,KS
3953,MI
3954,CA
3955,MA
3956,78
3957,78
3958,KS
3959,NA
3960,MA
3961,MI
3962,MI
3963,PA
3964,US
3965,US
3966,88
3967,36
3968,UK
3969,TX
3970,TN
3971,TN
3972,TN
3973,TN
3974,IN
3975,KS
3976,KS
3977,KS
3978,KS
3979,KS
3980,KS
3981,43
3982,Sa
3983,IN
3984,ND
3985,TX
3986,Ta
3987,Ta
3988,KS
3989,MA
3990,NA
3991,KS
3992,KS
3993,KS
3994,KS
3995,KS
3996,KS
3997,KS
3998,KS
3999,KS
4000,KS
4001,KS
4002,MO
4003,NY
4004,WY
4005,73
4006,TX
4007,WI
4008,It
4009,DC
4010,CT
4011,CT
4012,CT
4013,CT
4014,CT
4015,CT
4016,CT
4017,CT
4018,CT
4019,CT
4020,NY
4021,CT
4022,TX
4023,UK
4024,Fr
4025,PA
4026,NY
4027,NY
4028,NY
4029,GA
4030,GA
4031,GA
4032,GA
4033,US
4034,Me
4035,US
4036,AK
4037,IA
4038,NM
4039,NM
4040,OH
4041,OH
4042,OH
4043,OH
4044,IA
4045,OK
4046,GA
4047,BC
4048,Me
4049,TX
4050,MA
4051,Me
4052,MA
4053,Me
4054,Me
4055,WA
4056,WA
4057,37
4058,37
4059,NY
4060,CA
4061,CA
4062,Hu
4063,CO
4064,TX
4065,Oa
4066,NA
4067,OR
4068,Se
4069,TX
4070,NY
4071,NY
4072,IA
4073,Me
4074,KS
4075,KS
4076,MS
4077,NY
4078,CA
4079,Re
4080,Me
4081,MA
4082,IN
4083,IN
4084,IN
4085,OR
4086,80
4087,FL
4088,Ge
4089,94
4090,MO
4091,US
4092,Me
4093,72
4094,Di
4095,WI
4096,MD
4097,CA
4098,PA
4099,MD
4100,MD
4101,KS
4102,MA
4103,TX
4104,NY
4105,NY
4106,42
4107,KS
4108,IA
4109,CA
4110,CA
4111,VA
4112,OK
4113,UT
4114,NA
4115,Me
4116,FL
4117,KS
4118,CA
4119,Ce
4120,CA
4121,72
4122,72
4123,MN
4124,KY
4125,US
4126,OH
4127,OH
4128,NC
4129,MA
4130,Sa
4131,MA
4132,OR
4133,Me
4134,Me
4135,Me
4136,Me
4137,Me
4138,Me
4139,Me
4140,NV
4141,14
4142,14
4143,KS
4144,KS
4145,MA
4146,MA
4147,Ca
4148,TX
4149,KS
4150,Co
4151,NA
4152,MA
4153,MA
4154,Di
4155,78
4156,78
4157,78
4158,78
4159,78
4160,78
4161,78
4162,78
4163,78
4164,78
4165,78
4166,78
4167,KS
4168,AK
4169,TX
4170,NY
4171,MA
4172,Ho
4173,OH
4174,US
4175,IA
4176,NA
4177,Ir
4178,Ir
4179,NY
4180,NY
4181,UK
4182,PA
4183,US
4184,22
4185,Re
4186,WI
4187,MA
4188,WI
4189,Re
4190,Pe
4191,CA
4192,US
4193,PA
4194,OK
4195,NA
4196,CA
4197,KS
4198,Co
4199,66
4200,US
4201,US
4202,Ta
4203,Ce
4204,Ce
4205,Ce
4206,Do
4207,PA
4208,ON
4209,MA
4210,TX
4211,US
4212,MA
4213,MA
4214,CO
4215,NY
4216,8
4217,MI
4218,8
4219,VA
4220,VA
4221,VA
4222,VA
4223,VA
4224,VA
4225,VA
4226,VA
4227,VA
4228,La
4229,FL
4230,28
4231,TX
4232,US
4233,DC
4234,IA
4235,MN
4236,NJ
4237,NJ
4238,NJ
4239,SC
4240,MA
4241,OR
4242,8
4243,KY
4244,Ar
4245,NV
4246,TX
4247,GA
4248,WI
4249,OR
4250,NY
4251,ON
4252,ON
4253,NA
4254,NC
4255,UK
4256,NC
4257,MA
4258,41
4259,NY
4260,NA
4261,IN
4262,Me
4263,NA
4264,MA
4265,MA
4266,MA
4267,MA
4268,MA
4269,MA
4270,MA
4271,MA
4272,Sa
4273,At
4274,Re
4275,Me
4276,Me
4277,Me
4278,Me
4279,Me
4280,Me
4281,MD
4282,Di
4283,IN
4284,Al
4285,72
4286,IN
4287,MA
4288,Sa
4289,OR
4290,IL
4291,IL
4292,Ar
4293,29
4294,Co
4295,NA
4296,NA
4297,MA
4298,OH
4299,OH
4300,Ec
4301,Sa
4302,28
4303,CA
4304,Pe
4305,Ar
4306,NA
4307,ID
4308,IL
4309,No
4310,MN
4311,Me
4312,Me
4313,NA
4314,Zo
4315,UT
4316,UT
4317,22
4318,22
4319,US
4320,MA
4321,OR
4322,Pa
4323,Ca
4324,NA
4325,78
4326,OK
4327,KY
4328,US
4329,56
4330,KS
4331,MA
4332,39
4333,50
4334,Re
4335,NV
4336,NV
4337,IN
4338,He
4339,NY
4340,NA
4341,FL
4342,DC
4343,TX
4344,MA
4345,MA
4346,OR
4347,Re
4348,28
4349,98
4350,94
4351,MD
4352,TX
4353,AB
4354,IA
4355,GA
4356,MD
4357,Me
4358,Ve
4359,OH
4360,27
4361,US
4362,TX
4363,GA
4364,ND
4365,IA
4366,Co
4367,NV
4368,4
4369,4
4370,MO
4371,Me
4372,WA
4373,Mi
4374,CO
4375,US
4376,Ge
4377,MD
4378,IL
4379,MN
4380,FL
4381,CA
4382,Me
4383,CA
4384,Sa
4385,KS
4386,KS
4387,CO
4388,OH
4389,NA
4390,NA
4391,IA
4392,13
4393,Ec
4394,AZ
4395,TX
4396,VA
4397,US
4398,OK
4399,Co
4400,Co
4401,IL
4402,MA
4403,MA
4404,NY
4405,MA
4406,KS
4407,Co
4408,GA
4409,RI
4410,Pa
4411,NA
4412,IA
4413,CT
4414,Me
4415,Me
4416,MO
4417,78
4418,78
4419,IL
4420,FL
4421,Do
4422,80
4423,NA
4424,OR
4425,CO
4426,Pa
4427,36
4428,44
4429,Oa
4430,NC
4431,ON
4432,TX
4433,PA
4434,GA
4435,GA
4436,MO
4437,MO
4438,MI
4439,NA
4440,Me
4441,16
4442,16
4443,Me
4444,Me
4445,Me
4446,Me
4447,Me
4448,Me
4449,KS
4450,MA
4451,MA
4452,Fr
4453,DE
4454,DE
4455,DE
4456,OR
4457,Re
4458,NY
4459,NY
4460,NA
4461,He
4462,Ch
4463,St
4464,MA
4465,US
4466,La
4467,MD
4468,Ta
4469,NA
4470,IL
4471,MI
4472,MD
4473,MD
4474,DC
4475,VA
4476,Le
4477,He
4478,NA
4479,IL
4480,PA
4481,Re
4482,20
4483,TX
4484,TX
4485,Ri
4486,KS
4487,ON
4488,NA
4489,MA
4490,NH
4491,PA
4492,GA
4493,VA
4494,NA
4495,Ar
4496,MA
4497,NA
4498,Re
4499,OK
4500,Di
4501,NA
4502,Re
4503,37
4504,Ch
4505,MD
4506,Re
4507,41
4508,MI
4509,Mi
4510,45
4511,NY
4512,NY
4513,30
4514,Ar
4515,US
4516,FL
4517,28
4518,H9
4519,MA
4520,KS
4521,Me
4522,28
4523,24
4524,DC
4525,UK
4526,Ja
4527,PA
4528,KS
4529,Me
4530,He
4531,MA
4532,MN
4533,NA
4534,Ge
4535,KS
4536,KS
4537,KS
4538,Lu
4539,CO
4540,CO
4541,78
4542,He
4543,Xa
4544,Ig
4545,MA
4546,MA
4547,Me
4548,24
4549,SK
4550,Me
4551,AZ
4552,Me
4553,Me
4554,Me
4555,Ac
4556,Ge
4557,45
4558,Ve
4559,MA
4560,Sa
4561,MA
4562,IA
4563,66
4564,MA
4565,CA
4566,Có
4567,Me
4568,NA
4569,Me
4570,El
4571,Ch
4572,IL
4573,CA
4574,34
4575,Xa
4576,Me
4577,Me
4578,Me
4579,Me
4580,Me
4581,IL
4582,US
4583,US
4584,IL
4585,MA
4586,TN
4587,UK
4588,ON
4589,He
4590,PA
4591,MA
4592,Sa
4593,Zo
4594,Zo
4595,Zo
4596,Zo
4597,Zo
4598,Zo
4599,MA
4600,MA
4601,MA
4602,Me
4603,NA
4604,NA
4605,NA
4606,CA
4607,CA
4608,CA
4609,Zo
4610,Zo
4611,Zo
4612,Bo
4613,CA
4614,82
4615,Oa
4616,Me
4617,OR
4618,TX
4619,Re
4620,US
4621,MD
4622,Ec
4623,MA
4624,IL
4625,FL
4626,AZ
4627,AL
4628,KS
4629,IL
4630,76
4631,Di
4632,Sa
4633,26
4634,IL
4635,32
4636,AB
4637,1
4638,IL
4639,WA
4640,NA
4641,KS
4642,45
4643,72
4644,Me
4645,NA
4646,NA
4647,MA
4648,Co
4649,QC
4650,MN
4651,56
4652,NA
4653,CA
4654,56
4655,CA
4656,Me
4657,NA
4658,IN
4659,MA
4660,MO
4661,MI
4662,He
4663,OR
4664,US
4665,NA
4666,4
4667,MA
4668,US
4669,0
4670,MA
4671,MA
4672,Il
4673,LA
4674,Me
4675,KS
4676,KS
4677,FL
4678,MA
4679,14
4680,MA
4681,IL
4682,At
4683,KS
4684,22
4685,77
4686,Sa
4687,22
4688,NA
4689,WA
4690,Ch
4691,Re
4692,OR
4693,NY
4694,NY
4695,He
4696,85
4697,Xa
4698,An
4699,MA
4700,CA
4701,AZ
4702,US
4703,US
4704,US
4705,US
4706,DE
4707,DE
4708,TX
4709,72
4710,78
4711,78
4712,78
4713,Co
4714,IN
4715,CA
4716,CA
4717,CA
4718,CA
4719,CA
4720,CA
4721,MA
4722,82
4723,IL
4724,Me
4725,KS
4726,NA
4727,MA
4728,MA
4729,OR
4730,Pu
4731,32
4732,He
4733,Ar
4734,FL
4735,85
4736,Sa
4737,UK
4738,NJ
4739,MA
4740,Me
4741,ON
4742,IL
4743,MA
4744,FL
4745,TX
4746,TX
4747,36
4748,MA
4749,44
4750,An
4751,Oa
4752,Oa
4753,50
4754,90
4755,Gt
4756,PA
4757,VA
4758,MA
4759,MN
4760,NJ
4761,MA
4762,54
4763,Ec
4764,45
4765,NV
4766,Sa
4767,ND
4768,NA
4769,TX
4770,36
4771,Oa
4772,MA
4773,Co
4774,NA
4775,ON
4776,Ne
4777,NA
4778,NJ
4779,NJ
4780,NJ
4781,NJ
4782,NJ
4783,NJ
4784,NJ
4785,NJ
4786,NJ
4787,NJ
4788,Re
4789,Sa
4790,WA
4791,TX
4792,20
4793,20
4794,20
4795,20
4796,AL
4797,CO
4798,4
4799,76
4800,4
4801,89
4802,MA
4803,Sa
4804,WA
4805,Me
4806,Sa
4807,MA
4808,Oa
4809,20
4810,20
4811,20
4812,20
4813,89
4814,Me
4815,Me
4816,Me
4817,Me
4818,Me
4819,IL
4820,36
4821,Ec
4822,Pe
4823,OH
4824,47
4825,He
4826,29
4827,DC
4828,OR
4829,Ec
4830,ID
4831,Me
4832,Cu
4833,GA
4834,TX
4835,NA
4836,MA
4837,NA
4838,Ne
4839,4
4840,Me
4841,CA
4842,NA
4843,An
4844,NA
4845,Ar
4846,Xa
4847,26
4848,26
4849,26
4850,ME
4851,ON
4852,NY
4853,NA
4854,NA
4855,22
4856,NA
4857,VA
4858,Sa
4859,DC
4860,Co
4861,NY
4862,NY
4863,NA
4864,MA
4865,37
4866,NV
4867,NV
4868,MA
4869,NY
4870,91
4871,45
4872,78
4873,Ec
4874,NA
4875,50
4876,OR
4877,ON
4878,NA
4879,Me
4880,NA
4881,ND
4882,Me
4883,MA
4884,97
4885,Sa
4886,Po
4887,Ch
4888,27
4889,50
4890,CA
4891,NA
4892,14
4893,MA
4894,MA
4895,IL
4896,8
4897,Re
4898,94
4899,77
4900,Au
4901,DC
4902,Me
4903,NA
4904,CA
4905,Mi
4906,Me
4907,NA
4908,48
4909,97
4910,77
4911,OH
4912,Me
4913,KS
4914,50
4915,45
4916,NA
4917,Ec
4918,NA
4919,Nu
4920,Me
4921,Me
4922,NY
4923,77
4924,NA
4925,TX
4926,78
4927,78
4928,78
4929,78
4930,78
4931,78
4932,78
4933,78
4934,Me
4935,Me
4936,MA
4937,CA
4938,MA
4939,77
4940,Pa
4941,OR
4942,Me
4943,OR
4944,36
4945,DC
4946,83
4947,93
4948,NA
4949,NY
4950,Re
4951,37
4952,MA
4953,DC
4954,El
4955,36
4956,83
4957,81
4958,38
4959,Cu
4960,MA
4961,SC
4962,Me
4963,Ig
4964,82
4965,Cd
4966,67
4967,He
4968,MA
4969,Pe
4970,MA
4971,ND
4972,ND
4973,Me
4974,Me
4975,FL
4976,NA
4977,Me
4978,Me
4979,GA
4980,At
4981,NA
4982,IL
4983,IL
4984,IL
4985,IL
4986,IL
4987,IL
4988,NA
4989,MA
4990,78
4991,78
4992,78
4993,NA
4994,TX
4995,Ch
4996,Me
4997,MA
4998,MA
4999,Sa
5000,DC
5001,He
5002,DE
5003,Ec
5004,Me
5005,MA
5006,Re
5007,Zo
5008,MA
5009,NJ
5010,NJ
5011,IA
5012,Co
5013,UK
5014,CA
5015,KS
5016,US
5017,US
5018,NY
5019,TN
5020,NA
5021,CA
5022,CA
5023,Ug
5024,ON
5025,Sã
5026,GA
5027,KS
5028,Co
5029,MD
5030,CA
5031,4
5032,4
5033,27
5034,27
5035,27
5036,27
5037,27
5038,CA
5039,PA
5040,PA
5041,OH
5042,34
5043,34
5044,34
5045,34
5046,34
5047,34
5048,34
5049,34
5050,34
5051,IL
5052,IL
5053,Me
5054,Mo
5055,St
5056,KS
5057,NY
5058,TX
5059,UK
5060,CA
5061,KS
5062,De
5063,AZ
5064,45
5065,NA
5066,NA
5067,81
5068,TX
5069,OH
5070,De
5071,IL
5072,Lo
5073,OH
5074,OH
5075,OH
5076,OH
5077,OH
5078,OH
5079,OH
5080,OH
5081,OH
5082,OH
5083,OH
5084,OH
5085,45
5086,MI
5087,80
5088,FL
5089,14
5090,63
5091,63
5092,UK
5093,UK
5094,42
5095,CA
5096,Re
5097,GA
5098,GA
5099,GA
5100,Me
5101,OR
5102,KS
5103,MO
5104,80
5105,KS
5106,IN
5107,MB
5108,GA
5109,GA
5110,GA
5111,US
5112,78
5113,SC
5114,45
5115,NE
5116,NJ
5117,63
5118,78
5119,AR
5120,TX
5121,Sa
5122,78
5123,ON
5124,42
5125,42
5126,0
5127,NY
5128,MA
5129,42
5130,KS
5131,OH
5132,80
5133,UT
5134,53
5135,Ir
5136,44
5137,NY
5138,50
5139,CT
5140,CT
5141,CT
5142,42
5143,IA
5144,US
5145,US
5146,71
5147,80
5148,MA
5149,IL
5150,42
5151,42
5152,Ca
5153,Ca
5154,Ca
5155,Ca
5156,Zo
5157,LA
5158,CA
5159,GA
5160,MA
5161,DC
5162,NY
5163,AB
5164,78
5165,US
5166,MD
5167,NA
5168,Ka
5169,MD
5170,UT
5171,Bl
5172,GA
5173,MT
5174,WI
5175,De
5176,MI
5177,MI
5178,MI
5179,MI
5180,MI
5181,AB
5182,KS
5183,AB
5184,50
5185,45
5186,KS
5187,Du
5188,Du
5189,FL
5190,US
5191,US
5192,MO
5193,45
5194,45
5195,45
5196,93
5197,93
5198,Xa
5199,UK
5200,NY
5201,NJ
5202,TX
5203,US
5204,US
5205,US
5206,85
5207,OH
5208,UK
5209,CT
5210,0
5211,KS
5212,TX
5213,ON
5214,Co
5215,GA
5216,MD
5217,NJ
5218,NM
5219,ON
5220,Ir
5221,Ir
5222,Ir
5223,Du
5224,Du
5225,TX
5226,NY
5227,NY
5228,Fa
5229,US
5230,US
5231,US
5232,US
5233,43
5234,MD
5235,MD
5236,MD
5237,MI
5238,MI
5239,MI
5240,MI
5241,NC
5242,UT
5243,UT
5244,FL
5245,FL
5246,FL
5247,FL
5248,WI
5249,KS
5250,DC
5251,78
5252,78
5253,Me
5254,Me
5255,Me
5256,Me
5257,Me
5258,NC
5259,US
5260,MI
5261,78
5262,MI
5263,MI
5264,MI
5265,MI
5266,CO
5267,CO
5268,NA
5269,KS
5270,Fi
5271,ON
5272,PA
5273,IA
5274,ON
5275,TN
5276,VA
5277,VA
5278,NY
5279,El
5280,MD
5281,Sa
5282,Sa
5283,KS
5284,Mi
5285,Sa
5286,NJ
5287,KS
5288,MI
5289,KS
5290,WI
5291,KS
5292,MO
5293,89
5294,IN
5295,FL
5296,MA
5297,Br
5298,Gl
5299,NY
5300,Au
5301,NA
5302,Ca
5303,Au
5304,Ma
5305,TN
5306,TN
5307,De
5308,NA
5309,OK
5310,OR
5311,Ir
5312,OK
5313,Mo
5314,NA
5315,Au
5316,NV
5317,NY
5318,NA
5319,CA
5320,CA
5321,CA
5322,UK
5323,UK
5324,UK
5325,UK
5326,UK
5327,Sw
5328,US
5329,Me
5330,Me
5331,CA
5332,50
5333,CA
5334,Me
5335,CA
5336,CA
5337,CA
5338,MN
5339,OR
5340,82
5341,82
5342,US
5343,ID
5344,Xa
5345,LA
5346,KS
5347,CA
5348,MA
5349,WA
5350,Se
5351,Se
5352,El
5353,MO
5354,62
5355,MO
5356,AR
5357,0
5358,NA
5359,WA
5360,NA
5361,IN
5362,MD
5363,DC
5364,27
5365,MO
5366,CA
5367,MI
5368,MI
5369,MI
5370,MI
5371,MI
5372,US
5373,CA
5374,NA
5375,DC
5376,KS
5377,KS
5378,KS
5379,KS
5380,78
5381,Me
5382,45
5383,IN
5384,NA
5385,Gu
5386,NY
5387,NY
5388,IN
5389,PA
5390,MO
5391,AZ
5392,Se
5393,IN
5394,MN
5395,MN
5396,Se
5397,Se
5398,42
5399,MN
5400,TX
5401,MN
5402,Co
5403,St
5404,80
5405,MN
5406,78
5407,IL
5408,OK
5409,27
5410,OR
5411,OH
5412,OH
5413,Me
5414,Me
5415,Me
5416,RI
5417,IA
5418,OH
5419,US
5420,BC
5421,OH
5422,ME
5423,OH
5424,KS
5425,Me
5426,Me
5427,US
5428,AB
5429,Me
5430,US
5431,US
5432,Ol
5433,Ol
5434,KS
5435,26
5436,Ma
5437,MA
5438,KS
5439,Me
5440,Me
5441,CA
5442,KS
5443,Ca
5444,MN
5445,WA
5446,Me
5447,KS
5448,US
5449,4
5450,NY
5451,Ca
5452,CA
5453,OK
5454,IN
5455,IN
5456,MA
5457,MA
5458,SC
5459,MO
5460,MO
5461,45
5462,PA
5463,DC
5464,45
5465,45
5466,45
5467,45
5468,NJ
5469,Me
5470,78
5471,MA
5472,Se
5473,Re
5474,NA
5475,NA
5476,St
5477,SK
5478,WY
5479,KS
5480,KS
5481,UK
5482,42
5483,TX
5484,MO
5485,An
5486,MO
5487,NY
5488,PA
5489,MA
5490,TX
5491,IN
5492,Me
5493,SK
5494,NA
5495,Me
5496,VA
5497,28
5498,28
5499,MO
5500,MA
5501,50
5502,50
5503,50
5504,42
5505,42
5506,42
5507,KS
5508,CO
5509,CA
5510,ON
5511,71
5512,NA
5513,ND
5514,US
5515,Sa
5516,MO
5517,CA
5518,28
5519,MO
5520,68
5521,Oa
5522,70
5523,Sa
5524,Sa
5525,Sa
5526,Ca
5527,78
5528,Do
5529,50
5530,Do
5531,DE
5532,MO
5533,CA
5534,MO
5535,MO
5536,FL
5537,MA
5538,De
5539,US
5540,CO
5541,80
5542,TX
5543,MA
5544,Ch
5545,Hg
5546,NA
5547,NA
5548,DC
5549,ON
5550,45
5551,PA
5552,Sa
5553,SC
5554,KS
5555,Sa
5556,UK
5557,MO
5558,NY
5559,US
5560,42
5561,DE
5562,42
5563,OR
5564,MT
5565,Me
5566,WI
5567,Lo
5568,MN
5569,TX
5570,TX
5571,TX
5572,50
5573,Co
5574,Co
5575,De
5576,90
5577,62
5578,MI
5579,45
5580,Mi
5581,Re
5582,OK
5583,US
5584,US
5585,Se
5586,45
5587,45
5588,Ug
5589,Re
5590,Me
5591,GA
5592,KS
5593,KS
5594,KS
5595,NY
5596,OH
5597,KS
5598,45
5599,62
5600,Ir
5601,45
5602,WI
5603,Fi
5604,39
5605,39
5606,CA
5607,IA
5608,NY
5609,TX
5610,IL
5611,US
5612,US
5613,77
5614,TX
5615,WA
5616,KS
5617,MA
5618,GA
5619,St
5620,IA
5621,Re
5622,ND
5623,Sa
5624,CO
5625,OR
5626,MA
5627,43
5628,IA
5629,MB
5630,MB
5631,Zo
5632,KY
5633,KY
5634,72
5635,Mc
5636,MA
5637,Sa
5638,ON
5639,KS
5640,AL
5641,Oa
5642,98
5643,78
5644,78
5645,78
5646,Ce
5647,53
5648,MN
5649,KS
5650,KS
5651,NY
5652,NY
5653,NY
5654,NY
5655,NY
5656,50
5657,KS
5658,32
5659,Ca
5660,MA
5661,Fr
5662,MA
5663,Ca
5664,VA
5665,45
5666,45
5667,OH
5668,45
5669,OK
5670,GA
5671,US
5672,TX
5673,ON
5674,MA
5675,NE
5676,NY
5677,NY
5678,MN
5679,50
5680,Me
5681,MA
5682,CO
5683,TN
5684,Mi
5685,CA
5686,KY
5687,98
5688,Ca
5689,US
5690,NA
5691,Ca
5692,MD
5693,US
5694,KS
5695,KS
5696,MI
5697,OH
5698,Co
5699,NE
5700,VA
5701,NJ
5702,NC
5703,NY
5704,NY
5705,NY
5706,26
5707,Co
5708,OH
5709,MN
5710,UK
5711,KS
5712,MA
5713,VA
5714,PA
5715,MD
5716,MD
5717,Au
5718,IA
5719,TX
5720,VA
5721,KS
5722,CA
5723,0
5724,Fi
5725,Fi
5726,KS
5727,UK
5728,Ed
5729,OH
5730,US
5731,Op
5732,Au
5733,UK
5734,KS
5735,28
5736,er
5737,28
5738,CA
5739,50
5740,Zo
5741,Me
5742,MN
5743,Cu
5744,LA
5745,Sa
5746,82
5747,St
5748,He
5749,CA
5750,US
5751,MA
5752,La
5753,28
5754,MA
5755,Me
5756,CA
5757,52
5758,KS
5759,VA
5760,VA
5761,CA
5762,KS
5763,CA
5764,MN
5765,Ir
5766,MA
5767,AZ
5768,CA
5769,CA
5770,TX
5771,NA
5772,37
5773,AL
5774,Fr
5775,CA
5776,TX
5777,PA
5778,SC
5779,KS
5780,KS
5781,CA
5782,72
5783,MA
5784,MA
5785,Au
5786,SD
5787,SD
5788,OR
5789,DC
5790,US
5791,IL
5792,TX
5793,Sa
5794,OK
5795,OK
5796,50
5797,OR
5798,PA
5799,IA
5800,Me
5801,ON
5802,KS
5803,GA
5804,TX
5805,TX
5806,39
5807,37
5808,42
5809,42
5810,CA
5811,KS
5812,MA
5813,MA
5814,MA
5815,US
5816,OR
5817,OR
5818,MO
5819,45
5820,78
5821,45
5822,45
5823,45
5824,45
5825,KS
5826,KS
5827,VA
5828,US
5829,US
5830,Me
5831,IL
5832,KS
5833,VA
5834,26
5835,26
5836,MA
5837,45
5838,Me
5839,Me
5840,Co
5841,MA
5842,IN
5843,NE
5844,MA
5845,MA
5846,Sa
5847,Sa
5848,78
5849,78
5850,78
5851,NA
5852,AZ
5853,IL
5854,VA
5855,MD
5856,50
5857,50
5858,CA
5859,TX
5860,50
5861,OR
5862,PA
5863,NY
5864,MA
5865,MA
5866,OR
5867,FL
5868,72
5869,KS
5870,97
5871,Ac
5872,Ri
5873,KS
5874,US
5875,NY
5876,SC
5877,MD
5878,54
5879,MD
5880,78
5881,78
5882,78
5883,WA
5884,CA
5885,Me
5886,MA
5887,KS
5888,Sa
5889,NA
5890,PA
5891,MN
5892,AZ
5893,GA
5894,Mi
5895,Mi
5896,WA
5897,78
5898,NY
5899,NY
5900,50
5901,WA
5902,GA
5903,NA
5904,CA
5905,96
5906,NC
5907,NA
5908,MS
5909,US
5910,MD
5911,OR
5912,US
5913,IN
5914,GA
5915,UK
5916,CA
5917,28
5918,US
5919,NY
5920,MN
5921,MN
5922,UT
5923,TX
5924,MA
5925,MA
5926,MN
5927,GA
5928,GA
5929,NA
5930,WA
5931,MA
5932,Mo
5933,OR
5934,OK
5935,OH
5936,ON
5937,Me
5938,CA
5939,91
5940,CA
5941,NY
5942,UK
5943,MA
5944,KS
5945,CA
5946,Ch
5947,US
5948,TX
5949,Se
5950,Ch
5951,Me
5952,OR
5953,MN
5954,OH
5955,Th
5956,FL
5957,KS
5958,AZ
5959,DC
5960,DC
5961,78
5962,78
5963,OK
5964,NA
5965,FL
5966,75
5967,OH
5968,OH
5969,IL
5970,Se
5971,Se
5972,OH
5973,US
5974,CA
5975,IA
5976,KS
5977,OH
5978,WV
5979,IN
5980,MD
5981,WY
5982,IL
5983,KS
5984,MN
5985,NY
5986,KS
5987,Me
5988,MN
5989,OR
5990,US
5991,MD
5992,72
5993,NA
5994,QC
5995,TX
5996,US
5997,UK
5998,Xa
5999,Me
6000,88
6001,TX
6002,DC
6003,Is
6004,MA
6005,AZ
6006,IL
6007,MI
6008,78
6009,GA
6010,0
6011,AL
6012,WA
6013,WA
6014,CA
6015,CA
6016,77
6017,Me
6018,KS
6019,Me
6020,77
6021,CA
6022,IL
6023,Du
6024,NA
6025,WA
6026,Ta
6027,GA
6028,Du
6029,Co
6030,SC
6031,0
6032,CA
6033,Ir
6034,Ir
6035,NY
6036,MA
6037,IL
6038,MA
6039,16
6040,AZ
6041,OR
6042,Co
6043,PA
6044,45
6045,Du
6046,OH
6047,Sw
6048,KS
6049,US
6050,CT
6051,CT
6052,KS
6053,IL
6054,28
6055,Me
6056,OH
6057,93
6058,NY
6059,NY
6060,Co
6061,AR
6062,PA
6063,NA
6064,VA
6065,MA
6066,MA
6067,PA
6068,MA
6069,IL
6070,CA
6071,MA
6072,NA
6073,CA
6074,KY
6075,LA
6076,PA
6077,37
6078,IN
6079,US
6080,MD
6081,Se
6082,NY
6083,DC
6084,CA
6085,NY
6086,IN
6087,Co
6088,ON
6089,MA
6090,Ir
6091,OR
6092,KY
6093,ME
6094,MD
6095,ON
6096,MA
6097,CT
6098,De
6099,De
6100,IN
6101,72
6102,NJ
6103,NE
6104,MI
6105,NY
6106,NA
6107,NA
6108,28
6109,WA
6110,KS
6111,88
6112,De
6113,Me
6114,MA
6115,PA
6116,76
6117,CA
6118,CA
6119,TX
6120,MA
6121,MA
6122,MA
6123,MA
6124,MA
6125,KS
6126,KS
6127,US
6128,US
6129,UK
6130,MA
6131,MA
6132,NA
6133,AB
6134,CT
6135,CO
6136,KS
6137,SC
6138,KY
6139,KS
6140,CA
6141,OR
6142,CO
6143,KS
6144,Se
6145,CA
6146,MD
6147,CA
6148,CA
6149,CA
6150,IN
6151,36
6152,GA
6153,NA
6154,KS
6155,CA
6156,WY
6157,Me
6158,KY
6159,28
6160,IL
6161,45
6162,OK
6163,Mi
6164,WA
6165,Ir
6166,US
6167,CA
6168,St
6169,Mc
6170,CO
6171,MA
6172,CA
6173,CA
6174,QC
6175,US
6176,TX
6177,DC
6178,OH
6179,OH
6180,OH
6181,OH
6182,OH
6183,Ig
6184,CA
6185,NA
6186,KS
6187,28
6188,FL
6189,FL
6190,KS
6191,Me
6192,KS
6193,NA
6194,CA
6195,ON
6196,ON
6197,Ca
6198,KS
6199,TN
6200,NJ
6201,NV
6202,CA
6203,MI
6204,NY
6205,CA
6206,CA
6207,CA
6208,OK
6209,PA
6210,OK
6211,KS
6212,TX
6213,VA
6214,Ca
6215,KS
6216,KS
6217,KS
6218,OR
6219,GA
6220,CA
6221,36
6222,36
6223,MA
6224,45
6225,NA
6226,NY
6227,CA
6228,PA
6229,US
6230,CA
6231,VA
6232,Po
6233,OK
6234,42
6235,CA
6236,CA
6237,PA
6238,KS
6239,US
6240,US
6241,MN
6242,TX
6243,IL
6244,Ch
6245,KS
6246,OK
6247,KS
6248,NA
6249,NA
6250,KY
6251,NA
6252,IN
6253,IN
6254,Me
6255,77
6256,PA
6257,PA
6258,FL
6259,CA
6260,AK
6261,KS
6262,OH
6263,US
6264,Ca
6265,US
6266,US
6267,TX
6268,CA
6269,AZ
6270,CO
6271,Br
6272,KS
6273,KS
6274,KS
6275,HI
6276,SC
6277,US
6278,Ca
6279,OH
6280,NY
6281,TX
6282,WI
6283,OH
6284,IL
6285,KS
6286,FL
6287,KS
6288,KY
6289,ID
6290,LA
6291,TN
6292,FL
6293,Ch
6294,US
6295,TX
6296,KS
6297,KS
6298,KS
6299,KS
6300,NY
6301,KS
6302,TX
6303,US
6304,OR
6305,OR
6306,UK
6307,NC
6308,NA
6309,KS
6310,FL
6311,KY
6312,GA
6313,AZ
6314,NC
6315,CA
6316,KS
6317,SC
6318,NY
6319,10
6320,MN
6321,US
6322,US
6323,TX
6324,US
6325,KS
6326,KS
6327,DC
6328,KS
6329,KS
6330,MI
6331,MO
6332,CA
6333,MS
6334,NA
6335,NA
6336,St
6337,CA
6338,US
6339,KS
6340,CA
6341,KS
6342,US
6343,OK
6344,Me
6345,GA
6346,Ne
6347,AL
6348,OH
6349,Fr
6350,CA
6351,CA
6352,CA
6353,CA
6354,CA
6355,CA
6356,CA
6357,CA
6358,CA
6359,MD
6360,KS
6361,VA
6362,KS
6363,AZ
6364,TX
6365,TX
6366,KS
6367,TX
6368,KS
6369,CA
6370,SC
6371,AZ
6372,NY
6373,CA
6374,Mc
6375,AZ
6376,US
6377,TN
6378,CO
6379,QC
6380,TX
6381,FL
6382,DE
6383,KS
6384,CA
6385,US
6386,GA
6387,OR
6388,OR
6389,TX
6390,TX
6391,US
6392,KS
6393,MN
6394,NA
6395,Ca
6396,Mc
6397,VA
6398,NY
6399,No
6400,72
6401,72
6402,CT
6403,OK
6404,KS
6405,CA
6406,CA
6407,MO
6408,MN
6409,NA
6410,Bo
6411,CA
6412,KS
6413,NC
6414,TN
6415,KS
6416,AK
6417,IA
6418,GA
6419,Mc
6420,CA
6421,AR
6422,CA
6423,KS
6424,KS
6425,Au
6426,NC
6427,CA
6428,Me
6429,Me
6430,DC
6431,78
6432,KS
6433,KS
6434,ON
6435,MD
6436,MA
6437,KS
6438,NE
6439,Q.
6440,KS
6441,KS
6442,CA
6443,Zo
6444,UK
6445,US
6446,KS
6447,KS
6448,US
6449,CA
6450,CA
6451,CA
6452,CA
6453,KS
6454,NA
6455,CO
6456,IL
6457,UT
6458,OR
6459,TX
6460,27
6461,NY
6462,NY
6463,Ch
6464,NY
6465,NV
6466,85
6467,KY
6468,MO
6469,85
6470,OK
6471,CA
6472,KS
6473,KS
6474,US
6475,OK
6476,KS
6477,MT
6478,KS
6479,76
6480,76
6481,76
6482,76
6483,KY
6484,NY
6485,NY
6486,31
6487,MD
6488,GA
6489,NL
6490,MA
6491,45
6492,Me
6493,US
6494,AB
6495,NY
6496,Me
6497,39
6498,AR
6499,KS
6500,Me
6501,Me
6502,Ac
6503,CT
6504,45
6505,WA
6506,Oa
6507,Sa
6508,AL
6509,CA
6510,Oa
6511,WA
6512,US
6513,90
6514,DC
6515,DC
6516,DC
6517,NY
6518,KS
6519,KS
6520,Sa
6521,CO
6522,St
6523,Fr
6524,50
6525,PA
6526,34
6527,MA
6528,CA
6529,Au
6530,MA
6531,NE
6532,NE
6533,Me
6534,MD
6535,ME
6536,37
6537,37
6538,Se
6539,Se
6540,MN
6541,45
6542,45
6543,94
6544,NA
6545,MA
6546,MA
6547,MA
6548,PA
6549,PA
6550,NA
6551,CA
6552,MA
6553,42
6554,UT
6555,MA
6556,OH
6557,KS
6558,Ca
6559,CA
6560,It
6561,MA
6562,MA
6563,UK
6564,Sw
6565,67
6566,LA
6567,77
6568,KS
6569,CA
6570,CA
6571,KS
6572,Sa
6573,78
6574,KS
6575,IL
6576,IL
6577,23
6578,OK
6579,GA
6580,Il
6581,Ig
6582,33
6583,72
6584,OH
6585,MA
6586,VA
6587,FL
6588,TX
6589,AZ
6590,CA
6591,CA
6592,78
6593,66
6594,MI
6595,MI
6596,Co
6597,TX
6598,Ac
6599,45
6600,NY
6601,NA
6602,NA
6603,NE
6604,Zo
6605,IA
6606,KS
6607,NA
6608,Me
6609,SC
6610,KS
6611,TX
6612,Me
6613,Me
6614,78
6615,MA
6616,NY
6617,NA
6618,MA
6619,CA
6620,US
6621,CA
6622,KY
6623,DC
6624,OR
6625,OR
6626,MD
6627,45
6628,OK
6629,NA
6630,78
6631,TX
6632,He
6633,90
6634,Me
6635,UK
6636,St
6637,US
6638,KY
6639,NA
6640,NA
6641,KS
6642,PA
6643,KS
6644,KS
6645,TX
6646,Xa
6647,IA
6648,ND
6649,Mi
6650,KS
6651,NY
6652,Sa
6653,US
6654,KS
6655,Sa
6656,TX
6657,CA
6658,OH
6659,OH
6660,TX
6661,TX
6662,Me
6663,At
6664,US
6665,OH
6666,OH
6667,36
6668,CA
6669,NY
6670,US
6671,TN
6672,Me
6673,ON
6674,RI
6675,CA
6676,42
6677,44
6678,MI
6679,88
6680,Ce
6681,TX
6682,US
6683,55
6684,90
6685,TX
6686,Tu
6687,90
6688,St
6689,MA
6690,NA
6691,NA
6692,Xa
6693,Xa
6694,KS
6695,NA
6696,TN
6697,OH
6698,OK
6699,US
6700,CA
6701,CA
6702,AL
6703,78
6704,78
6705,QC
6706,QC
6707,Re
6708,Ta
6709,US
6710,Ta
6711,IL
6712,NC
6713,Xa
6714,TN
6715,NY
6716,91
6717,91
6718,Xa
6719,BC
6720,Xa
6721,Xa
6722,Xa
6723,Xa
6724,MO
6725,He
6726,US
6727,MA
6728,MA
6729,WA
6730,WA
6731,NY
6732,Xa
6733,MI
6734,IL
6735,Ne
6736,MA
6737,CA
6738,SD
6739,NY
6740,KS
6741,WV
6742,MO
6743,KS
6744,TN
6745,88
6746,KY
6747,MI
6748,MI
6749,34
6750,Ca
6751,Xa
6752,MO
6753,St
6754,St
6755,MO
6756,NJ
6757,VA
6758,KS
6759,91
6760,TN
6761,NJ
6762,Xa
6763,Ch
6764,KS
6765,NC
6766,NE
6767,US
6768,UT
6769,TX
6770,Au
6771,NY
6772,NA
6773,AZ
6774,NA
6775,SC
6776,Po
6777,Po
6778,WI
6779,US
6780,PA
6781,PA
6782,It
6783,IL
6784,KS
6785,Sa
6786,NA
6787,CA
6788,NY
6789,NY
6790,Ca
6791,UK
6792,28
6793,NH
6794,Se
6795,ON
6796,CA
6797,54
6798,NY
6799,CA
6800,US
6801,KS
6802,MN
6803,CA
6804,WA
6805,KS
6806,Wi
6807,CA
6808,MI
6809,ON
6810,ON
6811,ON
6812,NA
6813,MA
6814,OR
6815,78
6816,Me
6817,CA
6818,US
6819,78
6820,WI
6821,WI
6822,Mc
6823,76
6824,DC
6825,Ce
6826,KS
6827,OH
6828,TN
6829,TN
6830,Me
6831,42
6832,42
6833,42
6834,42
6835,42
6836,42
6837,42
6838,AZ
6839,FL
6840,CA
6841,Sa
6842,Sa
6843,VT
6844,IA
6845,NY
6846,26
6847,MA
6848,62
6849,IN
6850,Ce
6851,MA
6852,NY
6853,NY
6854,NY
6855,MN
6856,Ta
6857,US
6858,AZ
6859,27
6860,27
6861,78
6862,78
6863,62
6864,Me
6865,62
6866,MA
6867,TN
6868,78
6869,78
6870,78
6871,42
6872,Pa
6873,Me
6874,OK
6875,NA
6876,US
6877,KS
6878,NA
6879,OH
6880,Sa
6881,Ja
6882,ON
6883,ON
6884,NY
6885,42
6886,Ic
6887,OH
6888,67
6889,72
6890,St
6891,St
6892,GA
6893,GA
6894,62
6895,WV
6896,20
6897,Se
6898,WI
6899,94
6900,62
6901,ON
6902,MD
6903,IL
6904,MD
6905,72
6906,Ky
6907,VA
6908,VA
6909,KS
6910,IL
6911,CA
6912,TX
6913,OR
6914,MA
6915,KS
6916,Sa
6917,NY
6918,MA
6919,NA
6920,PA
6921,CA
6922,CA
6923,MO
6924,MO
6925,CA
6926,KS
6927,NY
6928,MA
6929,MA
6930,Me
6931,NJ
6932,IN
6933,AB
6934,WV
6935,WI
6936,PA
6937,St
6938,22
6939,CA
6940,ON
6941,Me
6942,OH
6943,AZ
6944,Bd
6945,TX
6946,PA
6947,MO
6948,Au
6949,AB
6950,Ca
6951,AB
6952,NY
6953,NC
6954,NA
6955,Me
6956,78
6957,KY
6958,MT
6959,Sl
6960,Cd
6961,Mi
6962,NA
6963,KS
6964,MN
6965,MO
6966,AB
6967,TX
6968,WA
6969,Ca
6970,Me
6971,TX
6972,27
6973,Fo
6974,MA
6975,AB
6976,AB
6977,AB
6978,KS
6979,WI
6980,NJ
6981,KS
6982,US
6983,59
6984,0
6985,MO
6986,Se
6987,Se
6988,WI
6989,WV
6990,US
6991,NY
6992,NJ
6993,NC
6994,NY
6995,NY
6996,MD
6997,PA
6998,Ja
6999,MO
7000,KS
7001,Me
7002,CA
7003,MA
7004,KS
7005,CT
7006,Pa
7007,Me
7008,MA
7009,UK
7010,MA
7011,CT
7012,MA
7013,NA
7014,US
7015,US
7016,TX
7017,MD
7018,NY
7019,UK
7020,IL
7021,CO
7022,PA
7023,US
7024,80
7025,OK
7026,KY
7027,IL
7028,OH
7029,NY
7030,CA
7031,OR
7032,TN
7033,TX
7034,NA
7035,NA
7036,NA
7037,Ja
7038,KS
7039,CA
7040,CA
7041,TN
7042,US
7043,TX
7044,TX
7045,DC
7046,US
7047,NA
7048,MA
7049,UK
7050,CO
7051,CO
7052,CO
7053,IA
7054,PA
7055,TX
7056,CA
7057,NY
7058,CA
7059,KS
7060,76
7061,IL
7062,US
7063,KS
7064,60
7065,NA
7066,VA
7067,NC
7068,NA
